{"cameraMode":{"drawMode":0,"name":"Shaded","section":"Shading Mode"},"sceneLighting":true,"audioPlay":false,"sceneViewState":{"showFog":true,"showMaterialUpdate":true,"showSkybox":true,"showFlares":true,"showImageEffects":true,"showParticleSystems":true},"in2DMode":false,"pivot":{"x":-0.058328479528427127,"y":2.201554298400879,"z":0.004183977842330933},"rotation":{"x":-0.0916612297296524,"y":-0.02031608670949936,"z":0.0018639626214280725,"w":-0.9955902695655823},"size":3.4330124855041506,"orthographic":false}